id,label,PC1,PC2
1,1,-0.053774693857337436,-0.061881055749735056
2,1,-0.07534778167102972,-0.1486705589798609
3,1,-0.05002245152073938,-0.17095584584604476
4,1,-0.06574919733662658,-0.2170105224339711
5,1,0.45945840660165516,0.06125877386187239
6,1,-0.06172465396298549,-0.3087895238455998
7,1,-0.021152602184538908,-0.047190808638960705
8,1,-0.0792705877875391,-0.30532690322017897
9,1,-0.03352769410169586,-0.1638627737530873
10,1,-0.050599676897927506,-0.06602458304929018
11,1,-0.04185468234070874,-0.16223436231337177
12,1,0.23721180828663674,0.012653105598496747
13,1,-0.06059208589867226,-0.2840097736284143
14,1,0.3651129552943777,0.04200118348510145
15,1,0.18511099297743003,0.01151476851560204
16,1,-0.11573372823983277,-0.1756603008829441
17,1,-0.09294090524560332,-0.07201892162766083
18,1,-0.09346352135820901,-0.20332595286597818
19,1,-0.034040038389746535,-0.03162537586947802
20,1,-0.04594355382490862,-0.04758276286418029
21,1,0.5110340481348858,0.0759877091343752
22,1,-0.0026979199595928245,-0.11536421752548788
23,1,-0.06818248844098426,-0.3711565642735333
24,1,-0.021282824498413736,-0.25380387981628616
25,1,-0.06019344894282725,-0.2146649683158867
26,1,0.33416503834738975,0.04660534137507806
27,1,-0.0919713030302545,-0.17456906242045833
28,1,-0.0391877664992778,-0.016871463631022644
29,1,-0.10025554936219128,-0.2698519355105461
30,1,0.5322175153895959,0.09958653953187897
31,1,0.39395425880417656,0.07912903585086649
32,1,0.4384155814232176,0.06117298846092846
33,1,0.543224840825173,0.10352543848809491
34,1,0.02646547011571635,-0.07052284575629782
35,1,0.3757822778142599,0.05883334707304655
36,1,-0.06059148961513747,-0.15597785343778162
37,1,0.015496530870493262,-0.11892638226091311
38,1,0.04705170523103444,-0.01748814695689456
39,1,0.5897400473016737,0.12906987946965198
40,1,0.6370166147468124,0.1371544778756441
41,1,0.5433097540941115,0.11959475323264915
42,1,0.5314188587217713,0.13965017192885817
43,1,0.6317084734387244,0.17411219807463815
44,1,0.6553999925068846,0.17720795536478942
45,1,0.6044817939742462,0.16301881230856463
46,1,0.2970326561517821,0.020903745960938705
47,1,-0.08637186737214293,-0.2849507574376866
48,1,0.19881632956519452,0.022105685801260478
49,1,0.10048277112614534,-0.11889401319844264
50,1,0.09782079499249959,-0.029449881381317152
51,1,0.019981607330430116,-0.0689256790305384
52,1,-0.061272197400891626,-0.18950041730183362
53,1,0.03283990905473871,-0.1453118358706227
54,1,-0.006664727049275095,-0.07541131021355678
55,1,-0.04667256951330282,-0.10997005354566876
56,1,0.14108491470330023,-0.027918357742556826
57,1,0.5333256906654522,0.10681307299747278
58,1,0.6015683747059033,0.15028036278342158
59,1,0.16937432441119643,-0.0010250496658045093
60,1,0.5231372240015809,0.11449756966239967
61,1,0.3731014181586739,0.07253283326513918
62,1,0.19473655635554937,0.015071639529609205
63,1,0.3689470323319218,0.010443170581344734
64,1,0.23180263277411778,-0.010113221187000055
65,1,-0.015367599901625761,-0.15241908282942354
66,1,0.23852666165509304,0.031292099186423214
67,1,0.027179018576449217,-0.09119698161988923
68,1,-0.07877578418226121,-0.14074124081445905
69,1,-0.04725771100050518,-0.1809196537348311
70,1,0.013737122987342879,-0.1370235320365569
71,1,0.5264275963169738,0.12613021103669386
72,1,0.039684974587117214,-0.1787050072990107
73,1,0.36605194083521636,0.07337714203103052
74,1,-0.05773504505549946,-0.27891873423595953
75,1,-0.0953655706423911,-0.28918426716252776
76,1,0.18444148755311998,-0.00941001585923018
77,1,-0.009553590257391675,-0.03621750312635037
78,1,0.4525332743495197,0.05583345318025894
79,1,-0.055907868354771975,-0.08642294793668945
80,1,-0.07686900614297355,-0.19511629304466824
81,1,0.15504234180626256,-0.002545603788148463
82,1,0.0004336495580365914,-0.16308394653203062
83,1,-0.05932865122988188,-0.1473241854290189
84,1,-0.05845791003737524,-0.2945171126433753
85,1,0.01601694962451557,-0.16777804198621515
86,1,-0.06989425771294584,-0.29971131925989025
87,1,-0.0713154520645131,-0.2540135621456009
88,1,-0.07472519616905192,-0.24268604010976158
89,1,-0.0446703781380274,-0.17783368755549941
90,1,-0.07636443049361509,-0.21837121936300385
91,1,-0.05172430994017628,-0.2878089169189229
92,1,0.014705767686096601,-0.1123592172319144
93,1,-0.05320686538509267,-0.18381726912421548
94,1,-0.05876919168563331,-0.14435013210161324
95,1,0.08430953264312835,-0.06981107680442593
96,1,-0.11429284937026848,-0.21917276932896873
97,1,-0.09934101555585957,-0.363062982901775
98,1,0.06924511501611695,-0.02616874205450048
99,1,-0.06756913383835761,-0.26930674210248623
100,1,-0.08810043423591447,-0.2517461071817906
101,0,-0.240343163323869,0.32381044034898904
102,0,-0.21016430789726467,0.4224370199219342
103,0,-0.0837537451642763,-0.02137221807069463
104,0,-0.030455674280133137,-0.04900269702527362
105,0,-0.09754911158281097,0.012853965691170454
106,0,-0.04877825600354902,-0.04016518359587332
107,0,-0.11568328474115168,0.07166721298395114
108,0,-0.10998672517073328,0.06693880271789485
109,0,-0.1818677081425468,0.26130777125407373
110,0,-0.06404367062142141,-0.03523901728882601
111,0,-0.21530112706037094,0.3387879488604231
112,0,-0.10456659396334993,0.02586102897782894
113,0,-0.07040528507075793,-0.008277437049814592
114,0,-0.09234155703479073,-0.08243111015388144
115,0,-0.05109541314965051,-0.04527856076449529
116,0,-0.07484531014841991,-0.030397806743880807
117,0,-0.12607991529593024,0.1266536092978379
118,0,-0.10442519612970368,-0.008449383601830968
119,0,-0.0832725477408694,-0.006318118173762576
120,0,-0.16958170740714115,0.30991887982541433
121,0,-0.07528924892974012,-0.0011602869277047908
122,0,-0.12505397693218515,-0.018365775198419542
123,0,-0.21589844870511354,0.42740500995514025
124,0,-0.18750147662406091,0.2834414412579193
125,0,-0.039265744384752686,-0.04151444545251437
126,0,-0.07489897962593806,-0.030345496389534127
127,0,-0.07789123877017597,-0.04741691358479616
128,0,-0.16972165509998058,0.15316538277151395
129,0,-0.1642997109101601,0.17369930747128962
130,0,-0.06708561219944628,0.00029507285594151624
131,0,-0.0826353700649128,-0.016855251764166097
132,0,-0.15332058097960108,0.13836671043796728
133,0,-0.07001991085396887,-0.03669250811626353
134,0,-0.08954272323807008,0.014028010306299157
135,0,-0.2228644709469631,0.2626830898699341
136,0,-0.2160866495161159,0.3677995977610077
137,0,-0.07619357754457881,-0.012663474723691257
138,0,-0.23677856172717493,0.2854651176801585
139,0,-0.15212651005713412,0.17441832061519552
140,0,-0.059534514059388824,-0.021205272485177066
141,0,-0.25372146344936275,0.46789220605833104
142,0,-0.2191866314683267,0.2716612922247818
143,0,-0.08659272746389171,-0.026866326365840784
144,0,-0.21048308405529886,0.26305992958417906
145,0,-0.20452970089089242,0.2641516016021992
146,0,-0.22459141415793055,0.33123791958923565
147,0,-0.07573214198332126,-0.0010313920583544182
148,0,-0.22156900645147254,0.3220364792063963
149,0,-0.2549962259325118,0.4656419846832322
150,0,-0.05637567547631307,-0.031799630379765104
151,0,-0.07948770436993523,0.008963277055929413
152,0,-0.06444284926355552,-0.03886045661706927
153,0,-0.15144560493513634,0.19504999620171432
154,0,-0.11172389004454485,0.01576226072671734
155,0,-0.0762434020390215,-0.06515884625703725
156,0,-0.05920483934056696,-0.0859673296901401
157,0,-0.07051439623267705,0.016735290968862344
158,0,-0.06989199982805509,-0.05986930242519073
159,0,-0.03792588210111729,-0.04083608438406509
160,0,-0.06339398703696632,-0.04335411034831691
161,0,-0.08406129173846827,-0.04952368339467531
162,0,-0.09213288083164155,-0.0009045006986603479
163,0,-0.18051190073593887,0.2591220132351474
164,0,-0.060735406362235934,-0.018342793473930526
165,0,-0.16575853974976387,0.16757851003603544
166,0,-0.14027447763435313,0.25158556214093347
167,0,-0.07498471135846488,-0.017287378682137863
168,0,-0.21889830055273363,0.396608235272233
169,0,-0.09697262836360894,-0.0032056476170086263
170,0,-0.06081834055604767,-0.04854630504075989
171,0,-0.06943839526627493,-0.011798402988661324
172,0,-0.08377059177133937,-0.011194685184470655
173,0,-0.07207333943709622,-0.0413948299492083
174,0,-0.14983293580833143,0.14130416863501366
175,0,-0.12019289805734915,0.07674639882549346
176,0,-0.18450179865134347,0.3077843294618346
177,0,-0.09088033880427061,-0.053382974366368165
178,0,-0.0831741542982479,-0.03202690176776636
179,0,-0.08143472795690489,-0.03824968785919215
180,0,-0.11356282128354415,0.05465159296316129
181,0,-0.08023726094059505,-0.003480198875191174
182,0,-0.07080597569233739,-0.05920051890991863
183,0,-0.09382134309477322,0.036661098253481746
184,0,-0.09122226463970724,-0.012600302973900227
185,0,-0.06231231635117012,-0.0549422334807291
186,0,-0.1559534688375714,0.17294652776618077
187,0,-0.05298155973190373,-0.03852825206369491
188,0,-0.08408442232264927,0.008775564573161181
189,0,-0.08601538970791144,-0.033568342039533634
190,0,-0.09741692198868905,0.04101628642278529
191,0,-0.051748142937032136,-0.01480495293924495
192,0,-0.08830706599531628,-0.005617264966262663
193,0,-0.2268948207852848,0.443910803158199
194,0,-0.0667987711359749,-0.003611336595913121
195,0,-0.15881026986789523,0.312339809191358
196,0,-0.20013225422330713,0.361710247015638
197,0,-0.08487360441325442,-0.032003596096530244
198,0,-0.10780717024055675,0.06260326227951113
199,0,-0.10878764037508307,0.08644215997207452
200,0,-0.06886734660914447,-0.026648931700051674
